"ID","Epochs","Supervised","All Views","Disease Counterfactuals","Scanner Counterfactuals","Rotation","Crop","Effects","DICE","DICE (pe)","DICE (nf)","Output Directory (pretraining)","Output Directory (transfer)","WandB URL (pretraining)","WandB URL (transfer)"
10882,20.0,True,False,False,False,False,True,False,0.9388558268547058,0.9251870155334472,0.9765803694725036,"/vol/biomedic3/bglocker/mscproj/mal224/DCCL/outputs/pretraining/supervised_nocf_dense_two_none_random_abl_data.train.augmentation.crop/2025-08-19_18-13-08","/vol/biomedic3/bglocker/mscproj/mal224/DCCL/outputs/transfer/supervised_nocf_dense_two_none_random_abl_data.train.augmentation.crop/2025-08-19_18-13-08","https://wandb.ai/lafarguem-imperial-college-london/msc_project/runs/d0bk3r34","https://wandb.ai/lafarguem-imperial-college-london/msc_project/runs/oyfr9zkf"
11204,20.0,True,True,True,False,True,True,True,0.9394911289215088,0.9249831318855286,0.9779264807701112,"/vol/biomedic3/bglocker/mscproj/mal224/DCCL/outputs/pretraining/supervised_cf_dense_all_noflip_random/2025-08-29_14-52-09","/vol/biomedic3/bglocker/mscproj/mal224/DCCL/outputs/transfer/supervised_cf_dense_all_noflip_random/2025-08-29_14-52-09","https://wandb.ai/lafarguem-imperial-college-london/msc_project/runs/u1q0amm9","https://wandb.ai/lafarguem-imperial-college-london/msc_project/runs/duealx23"
10646,20.0,True,True,True,True,True,True,True,0.9393234968185424,0.924315083026886,0.977483892440796,"/vol/biomedic3/bglocker/mscproj/mal224/DCCL/outputs/pretraining/supervised_cf_dense_all_noflip_random/2025-08-14_16-59-09","/vol/biomedic3/bglocker/mscproj/mal224/DCCL/outputs/transfer/supervised_cf_dense_all_noflip_random/2025-08-14_16-59-09","https://wandb.ai/lafarguem-imperial-college-london/msc_project/runs/io302d7y","https://wandb.ai/lafarguem-imperial-college-london/msc_project/runs/fpvfudnu"
10714,20.0,True,True,False,False,False,True,False,0.9385968208312988,0.9239076495170592,0.977516520023346,"/vol/biomedic3/bglocker/mscproj/mal224/DCCL/outputs/pretraining/supervised_nocf_dense_all_none_random_abl_data.train.augmentation.crop/2025-08-15_10-35-26","/vol/biomedic3/bglocker/mscproj/mal224/DCCL/outputs/transfer/supervised_nocf_dense_all_none_random_abl_data.train.augmentation.crop/2025-08-15_10-35-26","https://wandb.ai/lafarguem-imperial-college-london/msc_project/runs/e4hzafrg","https://wandb.ai/lafarguem-imperial-college-london/msc_project/runs/zvyz6g0e"
10844,20.0,True,False,False,False,True,True,False,0.9380123734474182,0.9229425668716432,0.9768579006195068,"/vol/biomedic3/bglocker/mscproj/mal224/DCCL/outputs/pretraining/supervised_nocf_dense_two_noflip_random_abl_data.train.augmentation.jitter_data.train.augmentation.gaussian_blur_data.train.augmentation.solarize/2025-08-18_20-36-22","/vol/biomedic3/bglocker/mscproj/mal224/DCCL/outputs/transfer/supervised_nocf_dense_two_noflip_random_abl_data.train.augmentation.jitter_data.train.augmentation.gaussian_blur_data.train.augmentation.solarize/2025-08-18_20-36-22","https://wandb.ai/lafarguem-imperial-college-london/msc_project/runs/0xgxzsvy","https://wandb.ai/lafarguem-imperial-college-london/msc_project/runs/n85zchwe"
10924,50.0,True,True,True,True,True,True,True,0.9380270600318908,0.9219987273216248,0.9786348342895508,"/vol/biomedic3/bglocker/mscproj/mal224/DCCL/outputs/pretraining/supervised_cf_dense_all_noflip_random/2025-08-21_12-51-07","/vol/biomedic3/bglocker/mscproj/mal224/DCCL/outputs/transfer/supervised_cf_dense_all_noflip_random/2025-08-21_12-51-07","https://wandb.ai/lafarguem-imperial-college-london/msc_project/runs/wywsbzsn","https://wandb.ai/lafarguem-imperial-college-london/msc_project/runs/651nu4mp"
10922,20.0,True,False,True,True,False,False,True,0.9368939876556396,0.9216007590293884,0.9766971230506896,"/vol/biomedic3/bglocker/mscproj/mal224/DCCL/outputs/pretraining/supervised_cf_dense_two_noflip_random_abl_data.train.augmentation.rotate_data.train.augmentation.crop/2025-08-21_12-49-30","/vol/biomedic3/bglocker/mscproj/mal224/DCCL/outputs/transfer/supervised_cf_dense_two_noflip_random_abl_data.train.augmentation.rotate_data.train.augmentation.crop/2025-08-21_12-49-30","https://wandb.ai/lafarguem-imperial-college-london/msc_project/runs/78lmy19y","https://wandb.ai/lafarguem-imperial-college-london/msc_project/runs/u7cx6sfh"
10896,20.0,True,False,False,False,False,True,True,0.9366408824920656,0.9208715200424196,0.9769355416297912,"/vol/biomedic3/bglocker/mscproj/mal224/DCCL/outputs/pretraining/supervised_nocf_dense_two_noflip_random_abl_data.train.augmentation.rotate/2025-08-18_20-36-22","/vol/biomedic3/bglocker/mscproj/mal224/DCCL/outputs/transfer/supervised_nocf_dense_two_noflip_random_abl_data.train.augmentation.rotate/2025-08-20_10-57-27","https://wandb.ai/lafarguem-imperial-college-london/msc_project/runs/awxfosgf","https://wandb.ai/lafarguem-imperial-college-london/msc_project/runs/ifkn9cex"
10751,100.0,"","","","","","","",0.9364898324012756,0.9201737999916076,0.978058397769928,"/vol/biomedic3/bglocker/mscproj/mal224/DCCL/outputs/transfer/chexmask/2025-08-15_10-30-04","/vol/biomedic3/bglocker/mscproj/mal224/DCCL/outputs/transfer/chexmask_downstream/2025-08-15_23-38-21","https://wandb.ai/lafarguem-imperial-college-london/msc_project/runs/9d9hd9m6","https://wandb.ai/lafarguem-imperial-college-london/msc_project/runs/58e6gmx4"
10680,20.0,True,True,False,False,True,True,False,0.9360977292060852,0.919638729095459,0.9777333736419678,"/vol/biomedic3/bglocker/mscproj/mal224/DCCL/outputs/pretraining/supervised_nocf_dense_all_noflip_random_abl_data.train.augmentation.jitter_data.train.augmentation.gaussian_blur_data.train.augmentation.solarize/2025-08-14_17-59-37","/vol/biomedic3/bglocker/mscproj/mal224/DCCL/outputs/transfer/supervised_nocf_dense_all_noflip_random_abl_data.train.augmentation.jitter_data.train.augmentation.gaussian_blur_data.train.augmentation.solarize/2025-08-14_17-59-37","https://wandb.ai/lafarguem-imperial-college-london/msc_project/runs/x2ez8qy0","https://wandb.ai/lafarguem-imperial-college-london/msc_project/runs/0mzqis3j"
10654,20.0,True,True,True,True,True,True,False,0.9353091716766356,0.918726646900177,0.9778875827789306,"/vol/biomedic3/bglocker/mscproj/mal224/DCCL/outputs/pretraining/supervised_cf_dense_all_noflip_random_abl_data.train.augmentation.jitter_data.train.augmentation.gaussian_blur_data.train.augmentation.solarize/2025-08-14_16-59-09","/vol/biomedic3/bglocker/mscproj/mal224/DCCL/outputs/transfer/supervised_cf_dense_all_noflip_random_abl_data.train.augmentation.jitter_data.train.augmentation.gaussian_blur_data.train.augmentation.solarize/2025-08-14_16-59-09","https://wandb.ai/lafarguem-imperial-college-london/msc_project/runs/obca2xeh","https://wandb.ai/lafarguem-imperial-college-london/msc_project/runs/drpixz43"
10720,20.0,True,True,True,True,False,True,False,0.933919894695282,0.9179208159446716,0.9762969136238098,"/vol/biomedic3/bglocker/mscproj/mal224/DCCL/outputs/pretraining/supervised_cf_dense_all_none_random_abl_data.train.augmentation.crop/2025-08-15_10-35-32","/vol/biomedic3/bglocker/mscproj/mal224/DCCL/outputs/transfer/supervised_cf_dense_all_none_random_abl_data.train.augmentation.crop/2025-08-15_10-35-32","https://wandb.ai/lafarguem-imperial-college-london/msc_project/runs/vy65mk5t","https://wandb.ai/lafarguem-imperial-college-london/msc_project/runs/t5cfyon6"
10650,20.0,True,True,True,True,False,True,True,0.9346946716308594,0.9178396224975586,0.9786428689956664,"/vol/biomedic3/bglocker/mscproj/mal224/DCCL/outputs/pretraining/supervised_cf_dense_all_noflip_random_abl_data.train.augmentation.rotate/2025-08-14_16-59-09","/vol/biomedic3/bglocker/mscproj/mal224/DCCL/outputs/transfer/supervised_cf_dense_all_noflip_random_abl_data.train.augmentation.rotate/2025-08-14_16-59-09","https://wandb.ai/lafarguem-imperial-college-london/msc_project/runs/qimloocm","https://wandb.ai/lafarguem-imperial-college-london/msc_project/runs/1dr6r131"
10652,20.0,True,True,True,True,True,False,True,0.933452582359314,0.9164382696151734,0.9774492144584656,"/vol/biomedic3/bglocker/mscproj/mal224/DCCL/outputs/pretraining/supervised_cf_dense_all_noflip_random_abl_data.train.augmentation.crop/2025-08-14_16-59-09","/vol/biomedic3/bglocker/mscproj/mal224/DCCL/outputs/transfer/supervised_cf_dense_all_noflip_random_abl_data.train.augmentation.crop/2025-08-14_16-59-09","https://wandb.ai/lafarguem-imperial-college-london/msc_project/runs/hg561o08","https://wandb.ai/lafarguem-imperial-college-london/msc_project/runs/g6ctdgrz"
10807,20.0,True,False,True,True,False,True,True,0.9333573579788208,0.916434895992279,0.9763668298721312,"/vol/biomedic3/bglocker/mscproj/mal224/DCCL/outputs/pretraining/supervised_cf_dense_two_noflip_random_abl_data.train.augmentation.rotate/2025-08-18_11-28-39","/vol/biomedic3/bglocker/mscproj/mal224/DCCL/outputs/transfer/supervised_cf_dense_two_noflip_random_abl_data.train.augmentation.rotate/2025-08-18_11-28-39","https://wandb.ai/lafarguem-imperial-college-london/msc_project/runs/j1z7vgp6","https://wandb.ai/lafarguem-imperial-college-london/msc_project/runs/9bhmdivq"
10672,20.0,True,True,False,False,True,True,True,0.9330790877342224,0.9160630464553832,0.976931893825531,"/vol/biomedic3/bglocker/mscproj/mal224/DCCL/outputs/pretraining/supervised_nocf_dense_all_noflip_random/2025-08-14_17-59-37","/vol/biomedic3/bglocker/mscproj/mal224/DCCL/outputs/transfer/supervised_nocf_dense_all_noflip_random/2025-08-14_17-59-37","https://wandb.ai/lafarguem-imperial-college-london/msc_project/runs/ehc2nx56","https://wandb.ai/lafarguem-imperial-college-london/msc_project/runs/hxc4uuv1"
10809,20.0,True,False,True,True,True,False,True,0.931858229637146,0.9149788856506348,0.9766104340553284,"/vol/biomedic3/bglocker/mscproj/mal224/DCCL/outputs/pretraining/supervised_cf_dense_two_noflip_random_abl_data.train.augmentation.crop/2025-08-18_11-28-40","/vol/biomedic3/bglocker/mscproj/mal224/DCCL/outputs/transfer/supervised_cf_dense_two_noflip_random_abl_data.train.augmentation.crop/2025-08-18_11-28-40","https://wandb.ai/lafarguem-imperial-college-london/msc_project/runs/ngrobtxo","https://wandb.ai/lafarguem-imperial-college-london/msc_project/runs/185ezapr"
10838,20.0,True,False,False,False,False,False,True,0.9322791695594788,0.9146939516067504,0.977454137802124,"/vol/biomedic3/bglocker/mscproj/mal224/DCCL/outputs/pretraining/supervised_nocf_dense_two_noflip_random_abl_data.train.augmentation.rotate_data.train.augmentation.crop/2025-08-18_20-36-21","/vol/biomedic3/bglocker/mscproj/mal224/DCCL/outputs/transfer/supervised_nocf_dense_two_noflip_random_abl_data.train.augmentation.rotate_data.train.augmentation.crop/2025-08-18_20-36-21","https://wandb.ai/lafarguem-imperial-college-london/msc_project/runs/hkkzs5as","https://wandb.ai/lafarguem-imperial-college-london/msc_project/runs/8qvefpcq"
10916,20.0,True,False,True,True,True,True,True,0.9314658403396606,0.9143374562263488,0.9761903285980223,"/vol/biomedic3/bglocker/mscproj/mal224/DCCL/outputs/pretraining/supervised_cf_dense_two_noflip_random/2025-08-21_12-38-44","/vol/biomedic3/bglocker/mscproj/mal224/DCCL/outputs/transfer/supervised_cf_dense_two_noflip_random/2025-08-21_12-38-44","https://wandb.ai/lafarguem-imperial-college-london/msc_project/runs/74xgkw0n","https://wandb.ai/lafarguem-imperial-college-london/msc_project/runs/zod4bv1m"
10716,20.0,True,True,True,True,False,False,False,0.9309542059898376,0.9138704180717468,0.9740103483200072,"/vol/biomedic3/bglocker/mscproj/mal224/DCCL/outputs/pretraining/supervised_cf_dense_all_none_random/2025-08-15_10-35-31","/vol/biomedic3/bglocker/mscproj/mal224/DCCL/outputs/transfer/supervised_cf_dense_all_none_random/2025-08-15_10-35-31","https://wandb.ai/lafarguem-imperial-college-london/msc_project/runs/ug81ufl0","https://wandb.ai/lafarguem-imperial-college-london/msc_project/runs/hcxncdxr"
10676,20.0,True,True,False,False,False,True,True,0.9318863987922668,0.9137592673301695,0.9785476684570312,"/vol/biomedic3/bglocker/mscproj/mal224/DCCL/outputs/pretraining/supervised_nocf_dense_all_noflip_random_abl_data.train.augmentation.rotate/2025-08-14_17-59-37","/vol/biomedic3/bglocker/mscproj/mal224/DCCL/outputs/transfer/supervised_nocf_dense_all_noflip_random_abl_data.train.augmentation.rotate/2025-08-14_17-59-37","https://wandb.ai/lafarguem-imperial-college-london/msc_project/runs/5wbf7c26","https://wandb.ai/lafarguem-imperial-college-london/msc_project/runs/rnaareee"
10648,20.0,True,True,True,True,False,False,True,0.9306419134140016,0.9135263204574584,0.9758523821830748,"/vol/biomedic3/bglocker/mscproj/mal224/DCCL/outputs/pretraining/supervised_cf_dense_all_noflip_random_abl_data.train.augmentation.rotate_data.train.augmentation.crop/2025-08-14_16-59-09","/vol/biomedic3/bglocker/mscproj/mal224/DCCL/outputs/transfer/supervised_cf_dense_all_noflip_random_abl_data.train.augmentation.rotate_data.train.augmentation.crop/2025-08-14_16-59-09","https://wandb.ai/lafarguem-imperial-college-london/msc_project/runs/3yefcsrv","https://wandb.ai/lafarguem-imperial-college-london/msc_project/runs/y6odzalx"
10888,20.0,True,False,True,True,False,True,False,0.930837380886078,0.9134186625480653,0.9766908884048462,"/vol/biomedic3/bglocker/mscproj/mal224/DCCL/outputs/pretraining/supervised_cf_dense_two_none_random_abl_data.train.augmentation.crop/2025-08-19_18-37-48","/vol/biomedic3/bglocker/mscproj/mal224/DCCL/outputs/transfer/supervised_cf_dense_two_none_random_abl_data.train.augmentation.crop/2025-08-19_18-37-48","https://wandb.ai/lafarguem-imperial-college-london/msc_project/runs/ah1vsk5f","https://wandb.ai/lafarguem-imperial-college-london/msc_project/runs/5ci4umhb"
10811,20.0,True,False,True,True,True,True,False,0.9303881049156189,0.9118358969688416,0.9771911382675172,"/vol/biomedic3/bglocker/mscproj/mal224/DCCL/outputs/pretraining/supervised_cf_dense_two_noflip_random_abl_data.train.augmentation.jitter_data.train.augmentation.gaussian_blur_data.train.augmentation.solarize/2025-08-18_11-28-40","/vol/biomedic3/bglocker/mscproj/mal224/DCCL/outputs/transfer/supervised_cf_dense_two_noflip_random_abl_data.train.augmentation.jitter_data.train.augmentation.gaussian_blur_data.train.augmentation.solarize/2025-08-18_11-28-40","https://wandb.ai/lafarguem-imperial-college-london/msc_project/runs/trrkpzev","https://wandb.ai/lafarguem-imperial-college-london/msc_project/runs/kx6ikiep"
10678,20.0,True,True,False,False,True,False,True,0.9298906683921814,0.9111611008644104,0.9777221798896788,"/vol/biomedic3/bglocker/mscproj/mal224/DCCL/outputs/pretraining/supervised_nocf_dense_all_noflip_random_abl_data.train.augmentation.crop/2025-08-14_17-59-37","/vol/biomedic3/bglocker/mscproj/mal224/DCCL/outputs/transfer/supervised_nocf_dense_all_noflip_random_abl_data.train.augmentation.crop/2025-08-14_17-59-37","https://wandb.ai/lafarguem-imperial-college-london/msc_project/runs/e90sx65i","https://wandb.ai/lafarguem-imperial-college-london/msc_project/runs/di0qkovs"
10674,20.0,True,True,False,False,False,False,True,0.9290647983551026,0.911022126674652,0.9757549405097962,"/vol/biomedic3/bglocker/mscproj/mal224/DCCL/outputs/pretraining/supervised_nocf_dense_all_noflip_random_abl_data.train.augmentation.rotate_data.train.augmentation.crop/2025-08-14_17-59-37","/vol/biomedic3/bglocker/mscproj/mal224/DCCL/outputs/transfer/supervised_nocf_dense_all_noflip_random_abl_data.train.augmentation.rotate_data.train.augmentation.crop/2025-08-14_17-59-37","https://wandb.ai/lafarguem-imperial-college-london/msc_project/runs/vued84qj","https://wandb.ai/lafarguem-imperial-college-london/msc_project/runs/4ug2bme8"
10656,20.0,False,False,True,True,True,True,True,0.9275850892066956,0.9107733488082884,0.9736458539962768,"/vol/biomedic3/bglocker/mscproj/mal224/DCCL/outputs/pretraining/unsupervised_cf_dense_two_noflip_random/2025-08-14_17-03-42","/vol/biomedic3/bglocker/mscproj/mal224/DCCL/outputs/transfer/unsupervised_cf_dense_two_noflip_random/2025-08-14_17-03-42","https://wandb.ai/lafarguem-imperial-college-london/msc_project/runs/w6vnnmwv","https://wandb.ai/lafarguem-imperial-college-london/msc_project/runs/mgsspnk8"
10886,20.0,True,False,True,True,True,False,False,0.929147469997406,0.9102770090103148,0.9776162147521972,"/vol/biomedic3/bglocker/mscproj/mal224/DCCL/outputs/pretraining/supervised_cf_dense_two_none_random_abl_data.train.augmentation.rotate/2025-08-19_18-37-48","/vol/biomedic3/bglocker/mscproj/mal224/DCCL/outputs/transfer/supervised_cf_dense_two_none_random_abl_data.train.augmentation.rotate/2025-08-19_18-37-48","https://wandb.ai/lafarguem-imperial-college-london/msc_project/runs/8ujp3ad5","https://wandb.ai/lafarguem-imperial-college-london/msc_project/runs/yat31icw"
10918,20.0,True,False,True,True,False,False,False,0.9285203695297242,0.9096701622009278,0.9768266081809998,"/vol/biomedic3/bglocker/mscproj/mal224/DCCL/outputs/pretraining/supervised_cf_dense_two_none_random/2025-08-21_12-46-29","/vol/biomedic3/bglocker/mscproj/mal224/DCCL/outputs/transfer/supervised_cf_dense_two_none_random/2025-08-21_12-46-29","https://wandb.ai/lafarguem-imperial-college-london/msc_project/runs/t4xl4ftb","https://wandb.ai/lafarguem-imperial-college-london/msc_project/runs/3qrb4rr2"
10895,20.0,True,False,False,False,True,True,True,0.927604615688324,0.9088112592697144,0.9751872539520264,"/vol/biomedic3/bglocker/mscproj/mal224/DCCL/outputs/pretraining/supervised_nocf_dense_two_noflip_random/2025-08-18_20-36-21","/vol/biomedic3/bglocker/mscproj/mal224/DCCL/outputs/transfer/supervised_nocf_dense_two_noflip_random/2025-08-20_10-56-18","https://wandb.ai/lafarguem-imperial-college-london/msc_project/runs/4r4ygonb","https://wandb.ai/lafarguem-imperial-college-london/msc_project/runs/ub47aft0"
10880,20.0,True,False,False,False,True,False,False,0.9273422718048095,0.9086323976516724,0.9744577407836914,"/vol/biomedic3/bglocker/mscproj/mal224/DCCL/outputs/pretraining/supervised_nocf_dense_two_none_random_abl_data.train.augmentation.rotate/2025-08-19_18-13-08","/vol/biomedic3/bglocker/mscproj/mal224/DCCL/outputs/transfer/supervised_nocf_dense_two_none_random_abl_data.train.augmentation.rotate/2025-08-19_18-13-08","https://wandb.ai/lafarguem-imperial-college-london/msc_project/runs/y30vikyp","https://wandb.ai/lafarguem-imperial-college-london/msc_project/runs/mg2mk8ju"
10712,20.0,True,True,False,False,True,False,False,0.92657710313797,0.9085170507431032,0.9727439284324646,"/vol/biomedic3/bglocker/mscproj/mal224/DCCL/outputs/pretraining/supervised_nocf_dense_all_none_random_abl_data.train.augmentation.rotate/2025-08-15_10-35-26","/vol/biomedic3/bglocker/mscproj/mal224/DCCL/outputs/transfer/supervised_nocf_dense_all_none_random_abl_data.train.augmentation.rotate/2025-08-15_10-35-26","https://wandb.ai/lafarguem-imperial-college-london/msc_project/runs/8mfzq6rt","https://wandb.ai/lafarguem-imperial-college-london/msc_project/runs/e1td64n2"
10920,20.0,True,True,True,True,True,False,False,0.9276555895805358,0.9082933068275452,0.976647675037384,"/vol/biomedic3/bglocker/mscproj/mal224/DCCL/outputs/pretraining/supervised_cf_dense_all_none_random_abl_data.train.augmentation.rotate/2025-08-21_12-48-16","/vol/biomedic3/bglocker/mscproj/mal224/DCCL/outputs/transfer/supervised_cf_dense_all_none_random_abl_data.train.augmentation.rotate/2025-08-21_12-48-16","https://wandb.ai/lafarguem-imperial-college-london/msc_project/runs/jqh8ayh6","https://wandb.ai/lafarguem-imperial-college-london/msc_project/runs/0u3qyblc"
10842,20.0,True,False,False,False,True,False,True,0.92696692943573,0.9076708436012269,0.977683162689209,"/vol/biomedic3/bglocker/mscproj/mal224/DCCL/outputs/pretraining/supervised_nocf_dense_two_noflip_random_abl_data.train.augmentation.crop/2025-08-18_20-36-22","/vol/biomedic3/bglocker/mscproj/mal224/DCCL/outputs/transfer/supervised_nocf_dense_two_noflip_random_abl_data.train.augmentation.crop/2025-08-18_20-36-22","https://wandb.ai/lafarguem-imperial-college-london/msc_project/runs/rg87pv6r","https://wandb.ai/lafarguem-imperial-college-london/msc_project/runs/xh6nduiz"
10764,20.0,False,False,False,False,True,True,True,0.9251437544822692,0.9065493464469908,0.973204493522644,"/vol/biomedic3/bglocker/mscproj/mal224/DCCL/outputs/pretraining/unsupervised_nocf_dense_two_noflip_random/2025-08-17_14-57-33","/vol/biomedic3/bglocker/mscproj/mal224/DCCL/outputs/transfer/unsupervised_nocf_dense_two_noflip_random/2025-08-17_14-57-33","https://wandb.ai/lafarguem-imperial-college-london/msc_project/runs/xyzbhnxu","https://wandb.ai/lafarguem-imperial-college-london/msc_project/runs/kk88bw9c"
10660,20.0,False,False,True,True,False,True,True,0.9238789081573486,0.9058127164840698,0.9724440813064577,"/vol/biomedic3/bglocker/mscproj/mal224/DCCL/outputs/pretraining/unsupervised_cf_dense_two_noflip_random_abl_data.train.augmentation.rotate/2025-08-14_17-03-42","/vol/biomedic3/bglocker/mscproj/mal224/DCCL/outputs/transfer/unsupervised_cf_dense_two_noflip_random_abl_data.train.augmentation.rotate/2025-08-14_17-03-42","https://wandb.ai/lafarguem-imperial-college-london/msc_project/runs/xb3cw2e1","https://wandb.ai/lafarguem-imperial-college-london/msc_project/runs/v5pthwnx"
10729,20.0,False,True,True,True,True,True,True,0.9226709961891174,0.903620994091034,0.971756875514984,"/vol/biomedic3/bglocker/mscproj/mal224/DCCL/outputs/pretraining/unsupervised_cf_dense_all_noflip_random/2025-08-15_23-28-38","/vol/biomedic3/bglocker/mscproj/mal224/DCCL/outputs/transfer/unsupervised_cf_dense_all_noflip_random/2025-08-15_23-28-38","https://wandb.ai/lafarguem-imperial-college-london/msc_project/runs/vm2yi1pg","https://wandb.ai/lafarguem-imperial-college-london/msc_project/runs/37hdbfvm"
10768,20.0,False,False,False,False,False,True,True,0.9225945472717284,0.903317928314209,0.972161376476288,"/vol/biomedic3/bglocker/mscproj/mal224/DCCL/outputs/pretraining/unsupervised_nocf_dense_two_noflip_random_abl_data.train.augmentation.rotate/2025-08-17_14-57-33","/vol/biomedic3/bglocker/mscproj/mal224/DCCL/outputs/transfer/unsupervised_nocf_dense_two_noflip_random_abl_data.train.augmentation.rotate/2025-08-17_14-57-33","https://wandb.ai/lafarguem-imperial-college-london/msc_project/runs/g13h2pav","https://wandb.ai/lafarguem-imperial-college-london/msc_project/runs/776gh24r"
11033,50.0,False,False,True,True,True,True,True,0.9216545462608338,0.9029823899269104,0.9711765646934508,"/vol/biomedic3/bglocker/mscproj/mal224/DCCL/outputs/pretraining/unsupervised_cf_dense_two_noflip_random/2025-08-25_15-59-00","/vol/biomedic3/bglocker/mscproj/mal224/DCCL/outputs/transfer/unsupervised_cf_dense_two_noflip_random/2025-08-25_15-59-00","https://wandb.ai/lafarguem-imperial-college-london/msc_project/runs/t6c76fbk","https://wandb.ai/lafarguem-imperial-college-london/msc_project/runs/020nahif"
10664,20.0,False,False,True,True,True,True,False,0.9218629956245422,0.9026330590248108,0.9711286425590516,"/vol/biomedic3/bglocker/mscproj/mal224/DCCL/outputs/pretraining/unsupervised_cf_dense_two_noflip_random_abl_data.train.augmentation.jitter_data.train.augmentation.gaussian_blur_data.train.augmentation.solarize/2025-08-14_17-03-42","/vol/biomedic3/bglocker/mscproj/mal224/DCCL/outputs/transfer/unsupervised_cf_dense_two_noflip_random_abl_data.train.augmentation.jitter_data.train.augmentation.gaussian_blur_data.train.augmentation.solarize/2025-08-14_17-03-42","https://wandb.ai/lafarguem-imperial-college-london/msc_project/runs/a529fm37","https://wandb.ai/lafarguem-imperial-college-london/msc_project/runs/h8zogu68"
10770,20.0,False,False,False,False,True,False,True,0.9201780915260316,0.902052402496338,0.966507649421692,"/vol/biomedic3/bglocker/mscproj/mal224/DCCL/outputs/pretraining/unsupervised_nocf_dense_two_noflip_random_abl_data.train.augmentation.crop/2025-08-17_14-57-33","/vol/biomedic3/bglocker/mscproj/mal224/DCCL/outputs/transfer/unsupervised_nocf_dense_two_noflip_random_abl_data.train.augmentation.crop/2025-08-17_14-57-33","https://wandb.ai/lafarguem-imperial-college-london/msc_project/runs/bl9a18pt","https://wandb.ai/lafarguem-imperial-college-london/msc_project/runs/af3zntt2"
10878,20.0,True,False,False,False,False,False,False,0.9214498281478882,0.9018075585365296,0.9722880005836488,"/vol/biomedic3/bglocker/mscproj/mal224/DCCL/outputs/pretraining/supervised_nocf_dense_two_none_random/2025-08-19_18-13-08","/vol/biomedic3/bglocker/mscproj/mal224/DCCL/outputs/transfer/supervised_nocf_dense_two_none_random/2025-08-19_18-13-08","https://wandb.ai/lafarguem-imperial-college-london/msc_project/runs/zjupzqku","https://wandb.ai/lafarguem-imperial-college-london/msc_project/runs/s9xkrt3f"
10790,20.0,False,True,False,False,False,True,True,0.9198065400123596,0.901567542552948,0.967591404914856,"/vol/biomedic3/bglocker/mscproj/mal224/DCCL/outputs/pretraining/unsupervised_nocf_dense_all_noflip_random_abl_data.train.augmentation.rotate/2025-08-17_14-59-36","/vol/biomedic3/bglocker/mscproj/mal224/DCCL/outputs/transfer/unsupervised_nocf_dense_all_noflip_random_abl_data.train.augmentation.rotate/2025-08-17_14-59-36","https://wandb.ai/lafarguem-imperial-college-london/msc_project/runs/eazwccpv","https://wandb.ai/lafarguem-imperial-college-london/msc_project/runs/rw7vlj3i"
10749,20.0,False,False,True,True,False,True,False,0.9206298947334288,0.901563847064972,0.9690955996513366,"/vol/biomedic3/bglocker/mscproj/mal224/DCCL/outputs/pretraining/unsupervised_cf_dense_two_none_random_abl_data.train.augmentation.crop/2025-08-15_23-31-12","/vol/biomedic3/bglocker/mscproj/mal224/DCCL/outputs/transfer/unsupervised_cf_dense_two_none_random_abl_data.train.augmentation.crop/2025-08-15_23-31-12","https://wandb.ai/lafarguem-imperial-college-london/msc_project/runs/23rsfn2c","https://wandb.ai/lafarguem-imperial-college-london/msc_project/runs/d9h3jlc4"
10737,20.0,False,True,True,True,True,True,False,0.9194934487342834,0.901016628742218,0.9685741901397704,"/vol/biomedic3/bglocker/mscproj/mal224/DCCL/outputs/pretraining/unsupervised_cf_dense_all_noflip_random_abl_data.train.augmentation.jitter_data.train.augmentation.gaussian_blur_data.train.augmentation.solarize/2025-08-15_23-28-38","/vol/biomedic3/bglocker/mscproj/mal224/DCCL/outputs/transfer/unsupervised_cf_dense_all_noflip_random_abl_data.train.augmentation.jitter_data.train.augmentation.gaussian_blur_data.train.augmentation.solarize/2025-08-15_23-28-38","https://wandb.ai/lafarguem-imperial-college-london/msc_project/runs/rj4cd39a","https://wandb.ai/lafarguem-imperial-college-london/msc_project/runs/akceczig"
10890,20.0,False,False,False,False,True,True,False,0.920252013206482,0.9009117960929872,0.9705603241920472,"/vol/biomedic3/bglocker/mscproj/mal224/DCCL/outputs/pretraining/unsupervised_nocf_dense_two_noflip_random_abl_data.train.augmentation.jitter_data.train.augmentation.gaussian_blur_data.train.augmentation.solarize/2025-08-17_14-57-33","/vol/biomedic3/bglocker/mscproj/mal224/DCCL/outputs/transfer/unsupervised_nocf_dense_two_noflip_random_abl_data.train.augmentation.jitter_data.train.augmentation.gaussian_blur_data.train.augmentation.solarize/2025-08-19_18-50-19","https://wandb.ai/lafarguem-imperial-college-london/msc_project/runs/dha6ie44","https://wandb.ai/lafarguem-imperial-college-london/msc_project/runs/o5axb1ix"
10784,20.0,False,True,True,True,False,True,False,0.92038232088089,0.9007863759994508,0.9703139424324037,"/vol/biomedic3/bglocker/mscproj/mal224/DCCL/outputs/pretraining/unsupervised_cf_dense_all_none_random_abl_data.train.augmentation.crop/2025-08-17_14-58-30","/vol/biomedic3/bglocker/mscproj/mal224/DCCL/outputs/transfer/unsupervised_cf_dense_all_none_random_abl_data.train.augmentation.crop/2025-08-17_14-58-30","https://wandb.ai/lafarguem-imperial-college-london/msc_project/runs/i3ds7opx","https://wandb.ai/lafarguem-imperial-college-london/msc_project/runs/f9wjnztw"
10733,20.0,False,True,True,True,False,True,True,0.9192756414413452,0.900408673286438,0.9701523900032044,"/vol/biomedic3/bglocker/mscproj/mal224/DCCL/outputs/pretraining/unsupervised_cf_dense_all_noflip_random_abl_data.train.augmentation.rotate/2025-08-15_23-28-38","/vol/biomedic3/bglocker/mscproj/mal224/DCCL/outputs/transfer/unsupervised_cf_dense_all_noflip_random_abl_data.train.augmentation.rotate/2025-08-15_23-28-38","https://wandb.ai/lafarguem-imperial-college-london/msc_project/runs/77rbcq0f","https://wandb.ai/lafarguem-imperial-college-london/msc_project/runs/4obzyw38"
10747,20.0,False,False,True,True,True,False,False,0.918672263622284,0.8997462749481201,0.9670750498771667,"/vol/biomedic3/bglocker/mscproj/mal224/DCCL/outputs/pretraining/unsupervised_cf_dense_two_none_random_abl_data.train.augmentation.rotate/2025-08-15_23-31-12","/vol/biomedic3/bglocker/mscproj/mal224/DCCL/outputs/transfer/unsupervised_cf_dense_two_none_random_abl_data.train.augmentation.rotate/2025-08-15_23-31-12","https://wandb.ai/lafarguem-imperial-college-london/msc_project/runs/hkqe593v","https://wandb.ai/lafarguem-imperial-college-london/msc_project/runs/o1q4vtju"
10710,20.0,True,True,False,False,False,False,False,0.9196130752563476,0.8996925115585327,0.9715159177780152,"/vol/biomedic3/bglocker/mscproj/mal224/DCCL/outputs/pretraining/supervised_nocf_dense_all_none_random/2025-08-15_10-35-26","/vol/biomedic3/bglocker/mscproj/mal224/DCCL/outputs/transfer/supervised_nocf_dense_all_none_random/2025-08-15_10-35-26","https://wandb.ai/lafarguem-imperial-college-london/msc_project/runs/k5nik85d","https://wandb.ai/lafarguem-imperial-college-london/msc_project/runs/g8yiggll"
10869,20.0,False,True,False,False,False,True,False,0.9185103178024292,0.8994375109672547,0.9676084399223328,"/vol/biomedic3/bglocker/mscproj/mal224/DCCL/outputs/pretraining/unsupervised_nocf_dense_all_none_random_abl_data.train.augmentation.crop/2025-08-18_20-33-02","/vol/biomedic3/bglocker/mscproj/mal224/DCCL/outputs/transfer/unsupervised_nocf_dense_all_none_random_abl_data.train.augmentation.crop/2025-08-19_18-09-14","https://wandb.ai/lafarguem-imperial-college-london/msc_project/runs/nzqu3wrn","https://wandb.ai/lafarguem-imperial-college-london/msc_project/runs/9a75fvsw"
10786,20.0,False,True,False,False,True,True,True,0.917940068244934,0.8984110355377197,0.9676625609397888,"/vol/biomedic3/bglocker/mscproj/mal224/DCCL/outputs/pretraining/unsupervised_nocf_dense_all_noflip_random/2025-08-17_14-59-36","/vol/biomedic3/bglocker/mscproj/mal224/DCCL/outputs/transfer/unsupervised_nocf_dense_all_noflip_random/2025-08-17_14-59-36","https://wandb.ai/lafarguem-imperial-college-london/msc_project/runs/ygu9vt3w","https://wandb.ai/lafarguem-imperial-college-london/msc_project/runs/me3pdeam"
10889,20.0,False,True,False,False,True,True,False,0.9158966660499572,0.8978606104850769,0.964366102218628,"/vol/biomedic3/bglocker/mscproj/mal224/DCCL/outputs/pretraining/unsupervised_nocf_dense_all_noflip_random_abl_data.train.augmentation.jitter_data.train.augmentation.gaussian_blur_data.train.augmentation.solarize/2025-08-17_14-59-37","/vol/biomedic3/bglocker/mscproj/mal224/DCCL/outputs/transfer/unsupervised_nocf_dense_all_noflip_random_abl_data.train.augmentation.jitter_data.train.augmentation.gaussian_blur_data.train.augmentation.solarize/2025-08-19_18-48-50","https://wandb.ai/lafarguem-imperial-college-london/msc_project/runs/bilub8xk","https://wandb.ai/lafarguem-imperial-college-london/msc_project/runs/ru03jtip"
10658,20.0,False,False,True,True,False,False,True,0.914041531085968,0.8944280862808227,0.9635549545288086,"/vol/biomedic3/bglocker/mscproj/mal224/DCCL/outputs/pretraining/unsupervised_cf_dense_two_noflip_random_abl_data.train.augmentation.rotate_data.train.augmentation.crop/2025-08-14_17-03-42","/vol/biomedic3/bglocker/mscproj/mal224/DCCL/outputs/transfer/unsupervised_cf_dense_two_noflip_random_abl_data.train.augmentation.rotate_data.train.augmentation.crop/2025-08-14_17-03-42","https://wandb.ai/lafarguem-imperial-college-london/msc_project/runs/zydx6qss","https://wandb.ai/lafarguem-imperial-college-london/msc_project/runs/8gzcorr8"
10731,20.0,False,True,True,True,False,False,True,0.9132702827453614,0.8937729477882386,0.9628475308418274,"/vol/biomedic3/bglocker/mscproj/mal224/DCCL/outputs/pretraining/unsupervised_cf_dense_all_noflip_random_abl_data.train.augmentation.rotate_data.train.augmentation.crop/2025-08-15_23-28-38","/vol/biomedic3/bglocker/mscproj/mal224/DCCL/outputs/transfer/unsupervised_cf_dense_all_noflip_random_abl_data.train.augmentation.rotate_data.train.augmentation.crop/2025-08-15_23-28-38","https://wandb.ai/lafarguem-imperial-college-london/msc_project/runs/dx1wz0xo","https://wandb.ai/lafarguem-imperial-college-london/msc_project/runs/ozbe57u2"
10662,20.0,False,False,True,True,True,False,True,0.9129502177238464,0.8922747731208801,0.9656521916389466,"/vol/biomedic3/bglocker/mscproj/mal224/DCCL/outputs/pretraining/unsupervised_cf_dense_two_noflip_random_abl_data.train.augmentation.crop/2025-08-14_17-03-42","/vol/biomedic3/bglocker/mscproj/mal224/DCCL/outputs/transfer/unsupervised_cf_dense_two_noflip_random_abl_data.train.augmentation.crop/2025-08-14_17-03-42","https://wandb.ai/lafarguem-imperial-college-london/msc_project/runs/o83wa9jc","https://wandb.ai/lafarguem-imperial-college-london/msc_project/runs/59hn4g5x"
10792,20.0,False,True,False,False,True,False,True,0.9103004693984984,0.8893029093742371,0.9668156147003174,"/vol/biomedic3/bglocker/mscproj/mal224/DCCL/outputs/pretraining/unsupervised_nocf_dense_all_noflip_random_abl_data.train.augmentation.crop/2025-08-17_14-59-37","/vol/biomedic3/bglocker/mscproj/mal224/DCCL/outputs/transfer/unsupervised_nocf_dense_all_noflip_random_abl_data.train.augmentation.crop/2025-08-17_14-59-37","https://wandb.ai/lafarguem-imperial-college-london/msc_project/runs/jjjqz0zq","https://wandb.ai/lafarguem-imperial-college-london/msc_project/runs/volih7cv"
10782,20.0,False,True,True,True,True,False,False,0.9089392781257628,0.8890252113342285,0.961962914466858,"/vol/biomedic3/bglocker/mscproj/mal224/DCCL/outputs/pretraining/unsupervised_cf_dense_all_none_random_abl_data.train.augmentation.rotate/2025-08-17_14-58-30","/vol/biomedic3/bglocker/mscproj/mal224/DCCL/outputs/transfer/unsupervised_cf_dense_all_none_random_abl_data.train.augmentation.rotate/2025-08-17_14-58-30","https://wandb.ai/lafarguem-imperial-college-london/msc_project/runs/zwh8ixjo","https://wandb.ai/lafarguem-imperial-college-london/msc_project/runs/wr0z1zmb"
10938,20.0,False,False,True,False,True,False,True,0.9089899301528932,0.886107337474823,0.9670566558837892,"/vol/biomedic3/bglocker/mscproj/mal224/DCCL/outputs/pretraining/simclr/2025-08-22_11-57-36","/vol/biomedic3/bglocker/mscproj/mal224/DCCL/outputs/transfer/simclr/2025-08-22_11-57-36","https://wandb.ai/lafarguem-imperial-college-london/msc_project/runs/hbblnxk1","https://wandb.ai/lafarguem-imperial-college-london/msc_project/runs/ajr3zfks"
10735,20.0,False,True,True,True,True,False,True,0.9080218553543092,0.8853913187980652,0.9660398721694946,"/vol/biomedic3/bglocker/mscproj/mal224/DCCL/outputs/pretraining/unsupervised_cf_dense_all_noflip_random_abl_data.train.augmentation.crop/2025-08-15_23-28-38","/vol/biomedic3/bglocker/mscproj/mal224/DCCL/outputs/transfer/unsupervised_cf_dense_all_noflip_random_abl_data.train.augmentation.crop/2025-08-15_23-28-38","https://wandb.ai/lafarguem-imperial-college-london/msc_project/runs/pbk9smpi","https://wandb.ai/lafarguem-imperial-college-london/msc_project/runs/jvq0el72"
10778,20.0,False,False,False,False,False,True,False,0.9061692714691162,0.8849495768547058,0.9657378911972044,"/vol/biomedic3/bglocker/mscproj/mal224/DCCL/outputs/pretraining/unsupervised_nocf_dense_two_none_random_abl_data.train.augmentation.crop/2025-08-17_14-57-45","/vol/biomedic3/bglocker/mscproj/mal224/DCCL/outputs/transfer/unsupervised_nocf_dense_two_none_random_abl_data.train.augmentation.crop/2025-08-17_14-57-45","https://wandb.ai/lafarguem-imperial-college-london/msc_project/runs/2ajrdx0l","https://wandb.ai/lafarguem-imperial-college-london/msc_project/runs/zghnez3g"
10819,20.0,False,False,False,False,False,False,True,0.8980455756187439,0.8796912908554078,0.9468224048614502,"/vol/biomedic3/bglocker/mscproj/mal224/DCCL/outputs/pretraining/unsupervised_nocf_dense_two_noflip_random_abl_data.train.augmentation.rotate_data.train.augmentation.crop/2025-08-18_11-33-49","/vol/biomedic3/bglocker/mscproj/mal224/DCCL/outputs/transfer/unsupervised_nocf_dense_two_noflip_random_abl_data.train.augmentation.rotate_data.train.augmentation.crop/2025-08-18_11-33-49","https://wandb.ai/lafarguem-imperial-college-london/msc_project/runs/lp9luu23","https://wandb.ai/lafarguem-imperial-college-london/msc_project/runs/te0q35sd"
10891,20.0,False,True,False,False,False,False,True,0.8920780062675476,0.8708629727363586,0.9473291873931884,"/vol/biomedic3/bglocker/mscproj/mal224/DCCL/outputs/pretraining/unsupervised_nocf_dense_all_noflip_random_abl_data.train.augmentation.rotate_data.train.augmentation.crop/2025-08-17_14-59-36","/vol/biomedic3/bglocker/mscproj/mal224/DCCL/outputs/transfer/unsupervised_nocf_dense_all_noflip_random_abl_data.train.augmentation.rotate_data.train.augmentation.crop/2025-08-19_18-53-14","https://wandb.ai/lafarguem-imperial-college-london/msc_project/runs/mcbyw7z4","https://wandb.ai/lafarguem-imperial-college-london/msc_project/runs/81yvem6q"
10745,20.0,False,False,True,True,False,False,False,0.8914101958274842,0.8702106356620789,0.945868980884552,"/vol/biomedic3/bglocker/mscproj/mal224/DCCL/outputs/pretraining/unsupervised_cf_dense_two_none_random/2025-08-15_23-31-11","/vol/biomedic3/bglocker/mscproj/mal224/DCCL/outputs/transfer/unsupervised_cf_dense_two_none_random/2025-08-15_23-31-11","https://wandb.ai/lafarguem-imperial-college-london/msc_project/runs/dupsgtdn","https://wandb.ai/lafarguem-imperial-college-london/msc_project/runs/ve4h2e74"
10780,20.0,False,True,True,True,False,False,False,0.8913772225379943,0.8701104164123535,0.9465854287147522,"/vol/biomedic3/bglocker/mscproj/mal224/DCCL/outputs/pretraining/unsupervised_cf_dense_all_none_random/2025-08-17_14-58-30","/vol/biomedic3/bglocker/mscproj/mal224/DCCL/outputs/transfer/unsupervised_cf_dense_all_none_random/2025-08-17_14-58-30","https://wandb.ai/lafarguem-imperial-college-london/msc_project/runs/gvflk7ne","https://wandb.ai/lafarguem-imperial-college-london/msc_project/runs/qebeds98"
10870,20.0,False,True,False,False,False,False,False,0.8733720302581787,0.8509480476379394,0.9379151821136474,"/vol/biomedic3/bglocker/mscproj/mal224/DCCL/outputs/pretraining/unsupervised_nocf_dense_all_none_random/2025-08-18_20-33-02","/vol/biomedic3/bglocker/mscproj/mal224/DCCL/outputs/transfer/unsupervised_nocf_dense_all_none_random/2025-08-19_18-09-29","https://wandb.ai/lafarguem-imperial-college-london/msc_project/runs/q8kfs9ce","https://wandb.ai/lafarguem-imperial-college-london/msc_project/runs/ce9fl74f"
10828,"","","","","","","","",0.8705256819725037,0.8476227998733521,0.9358694314956664,"","/vol/biomedic3/bglocker/mscproj/mal224/DCCL/outputs/transfer/no_pretraining/2025-08-18_16-40-44","","https://wandb.ai/lafarguem-imperial-college-london/msc_project/runs/7wsqpdyx"
11078,20.0,False,False,False,False,False,True,False,0.8708560943603516,0.8451475143432617,0.9370413661003112,"/vol/biomedic3/bglocker/mscproj/mal224/DCCL/outputs/pretraining/unsupervised_nocf_dense_two_none_random_abl_data.train.augmentation.crop/2025-08-26_17-27-42","/vol/biomedic3/bglocker/mscproj/mal224/DCCL/outputs/transfer/unsupervised_nocf_dense_two_none_random_abl_data.train.augmentation.crop/2025-08-26_17-27-42","https://wandb.ai/lafarguem-imperial-college-london/msc_project/runs/1jor0kfo","https://wandb.ai/lafarguem-imperial-college-london/msc_project/runs/66qqjrcd"
10868,20.0,False,True,False,False,True,False,False,0.8640316367149353,0.8390253186225891,0.9315691351890564,"/vol/biomedic3/bglocker/mscproj/mal224/DCCL/outputs/pretraining/unsupervised_nocf_dense_all_none_random_abl_data.train.augmentation.rotate/2025-08-18_20-33-02","/vol/biomedic3/bglocker/mscproj/mal224/DCCL/outputs/transfer/unsupervised_nocf_dense_all_none_random_abl_data.train.augmentation.rotate/2025-08-19_18-08-50","https://wandb.ai/lafarguem-imperial-college-london/msc_project/runs/o70l364o","https://wandb.ai/lafarguem-imperial-college-london/msc_project/runs/a3tgo6la"
10774,20.0,False,False,False,False,False,False,False,0.8579911828041077,0.8350667953491211,0.919603955745697,"/vol/biomedic3/bglocker/mscproj/mal224/DCCL/outputs/pretraining/unsupervised_nocf_dense_two_none_random/2025-08-17_14-57-45","/vol/biomedic3/bglocker/mscproj/mal224/DCCL/outputs/transfer/unsupervised_nocf_dense_two_none_random/2025-08-17_14-57-45","https://wandb.ai/lafarguem-imperial-college-london/msc_project/runs/jfq8a8er","https://wandb.ai/lafarguem-imperial-college-london/msc_project/runs/xayal6yy"
10776,20.0,False,False,False,False,True,False,False,0.8628340482711792,0.8346405029296875,0.9355624198913576,"/vol/biomedic3/bglocker/mscproj/mal224/DCCL/outputs/pretraining/unsupervised_nocf_dense_two_none_random_abl_data.train.augmentation.rotate/2025-08-17_14-57-45","/vol/biomedic3/bglocker/mscproj/mal224/DCCL/outputs/transfer/unsupervised_nocf_dense_two_none_random_abl_data.train.augmentation.rotate/2025-08-17_14-57-45","https://wandb.ai/lafarguem-imperial-college-london/msc_project/runs/vcgq9lun","https://wandb.ai/lafarguem-imperial-college-london/msc_project/runs/m5j249gi"
10940,50.0,False,False,True,True,True,True,True,0.8527649402618408,0.8257773876190185,0.9210510849952698,"/vol/biomedic3/bglocker/mscproj/mal224/DCCL/outputs/pretraining/unsupervised_cf_dense_two_noflip_random/2025-08-22_12-06-59","/vol/biomedic3/bglocker/mscproj/mal224/DCCL/outputs/transfer/unsupervised_cf_dense_two_noflip_random/2025-08-22_12-06-59","https://wandb.ai/lafarguem-imperial-college-london/msc_project/runs/8rxei96y","https://wandb.ai/lafarguem-imperial-college-london/msc_project/runs/9fu7ajys"
